"REF_DATE","GEO","DGUID","Prices","Activities","Seasonal adjustment","UOM","UOM_ID","SCALAR_FACTOR","SCALAR_ID","VECTOR","COORDINATE","VALUE","STATUS","SYMBOL","TERMINATED","DECIMALS"
"2010-04","Canada","2016A000011124","2012 constant prices","Tourism gross domestic product (GDP)","Seasonally adjusted at quarterly rates","Dollars","81","millions","6","v21400169","1.2.1.1","8016","","","","0"
"2010-07","Canada","2016A000011124","2012 constant prices","Tourism gross domestic product (GDP)","Seasonally adjusted at quarterly rates","Dollars","81","millions","6","v21400169","1.2.1.1","8068","","","","0"
"2010-10","Canada","2016A000011124","2012 constant prices","Tourism gross domestic product (GDP)","Seasonally adjusted at quarterly rates","Dollars","81","millions","6","v21400169","1.2.1.1","8125","","","","0"
"2011-01","Canada","2016A000011124","2012 constant prices","Tourism gross domestic product (GDP)","Seasonally adjusted at quarterly rates","Dollars","81","millions","6","v21400169","1.2.1.1","8168","","","","0"
"2011-04","Canada","2016A000011124","2012 constant prices","Tourism gross domestic product (GDP)","Seasonally adjusted at quarterly rates","Dollars","81","millions","6","v21400169","1.2.1.1","8227","","","","0"
"2011-07","Canada","2016A000011124","2012 constant prices","Tourism gross domestic product (GDP)","Seasonally adjusted at quarterly rates","Dollars","81","millions","6","v21400169","1.2.1.1","8277","","","","0"
"2011-10","Canada","2016A000011124","2012 constant prices","Tourism gross domestic product (GDP)","Seasonally adjusted at quarterly rates","Dollars","81","millions","6","v21400169","1.2.1.1","8315","","","","0"
"2012-01","Canada","2016A000011124","2012 constant prices","Tourism gross domestic product (GDP)","Seasonally adjusted at quarterly rates","Dollars","81","millions","6","v21400169","1.2.1.1","8329","","","","0"
"2012-04","Canada","2016A000011124","2012 constant prices","Tourism gross domestic product (GDP)","Seasonally adjusted at quarterly rates","Dollars","81","millions","6","v21400169","1.2.1.1","8401","","","","0"
"2012-07","Canada","2016A000011124","2012 constant prices","Tourism gross domestic product (GDP)","Seasonally adjusted at quarterly rates","Dollars","81","millions","6","v21400169","1.2.1.1","8449","","","","0"
"2012-10","Canada","2016A000011124","2012 constant prices","Tourism gross domestic product (GDP)","Seasonally adjusted at quarterly rates","Dollars","81","millions","6","v21400169","1.2.1.1","8465","","","","0"
"2013-01","Canada","2016A000011124","2012 constant prices","Tourism gross domestic product (GDP)","Seasonally adjusted at quarterly rates","Dollars","81","millions","6","v21400169","1.2.1.1","8439","","","","0"
"2013-04","Canada","2016A000011124","2012 constant prices","Tourism gross domestic product (GDP)","Seasonally adjusted at quarterly rates","Dollars","81","millions","6","v21400169","1.2.1.1","8462","","","","0"
"2013-07","Canada","2016A000011124","2012 constant prices","Tourism gross domestic product (GDP)","Seasonally adjusted at quarterly rates","Dollars","81","millions","6","v21400169","1.2.1.1","8441","","","","0"
"2013-10","Canada","2016A000011124","2012 constant prices","Tourism gross domestic product (GDP)","Seasonally adjusted at quarterly rates","Dollars","81","millions","6","v21400169","1.2.1.1","8530","","","","0"
"2014-01","Canada","2016A000011124","2012 constant prices","Tourism gross domestic product (GDP)","Seasonally adjusted at quarterly rates","Dollars","81","millions","6","v21400169","1.2.1.1","8611","","","","0"
"2014-04","Canada","2016A000011124","2012 constant prices","Tourism gross domestic product (GDP)","Seasonally adjusted at quarterly rates","Dollars","81","millions","6","v21400169","1.2.1.1","8703","","","","0"
"2014-07","Canada","2016A000011124","2012 constant prices","Tourism gross domestic product (GDP)","Seasonally adjusted at quarterly rates","Dollars","81","millions","6","v21400169","1.2.1.1","8727","","","","0"
"2014-10","Canada","2016A000011124","2012 constant prices","Tourism gross domestic product (GDP)","Seasonally adjusted at quarterly rates","Dollars","81","millions","6","v21400169","1.2.1.1","8839","","","","0"
"2015-01","Canada","2016A000011124","2012 constant prices","Tourism gross domestic product (GDP)","Seasonally adjusted at quarterly rates","Dollars","81","millions","6","v21400169","1.2.1.1","8803","","","","0"
"2015-04","Canada","2016A000011124","2012 constant prices","Tourism gross domestic product (GDP)","Seasonally adjusted at quarterly rates","Dollars","81","millions","6","v21400169","1.2.1.1","8839","","","","0"
"2015-07","Canada","2016A000011124","2012 constant prices","Tourism gross domestic product (GDP)","Seasonally adjusted at quarterly rates","Dollars","81","millions","6","v21400169","1.2.1.1","8867","","","","0"
"2015-10","Canada","2016A000011124","2012 constant prices","Tourism gross domestic product (GDP)","Seasonally adjusted at quarterly rates","Dollars","81","millions","6","v21400169","1.2.1.1","8895","","","","0"
"2016-01","Canada","2016A000011124","2012 constant prices","Tourism gross domestic product (GDP)","Seasonally adjusted at quarterly rates","Dollars","81","millions","6","v21400169","1.2.1.1","9004","","","","0"
"2016-04","Canada","2016A000011124","2012 constant prices","Tourism gross domestic product (GDP)","Seasonally adjusted at quarterly rates","Dollars","81","millions","6","v21400169","1.2.1.1","9065","","","","0"
"2016-07","Canada","2016A000011124","2012 constant prices","Tourism gross domestic product (GDP)","Seasonally adjusted at quarterly rates","Dollars","81","millions","6","v21400169","1.2.1.1","9232","","","","0"
"2016-10","Canada","2016A000011124","2012 constant prices","Tourism gross domestic product (GDP)","Seasonally adjusted at quarterly rates","Dollars","81","millions","6","v21400169","1.2.1.1","9191","","","","0"
"2017-01","Canada","2016A000011124","2012 constant prices","Tourism gross domestic product (GDP)","Seasonally adjusted at quarterly rates","Dollars","81","millions","6","v21400169","1.2.1.1","9288","","","","0"
"2017-04","Canada","2016A000011124","2012 constant prices","Tourism gross domestic product (GDP)","Seasonally adjusted at quarterly rates","Dollars","81","millions","6","v21400169","1.2.1.1","9474","","","","0"
"2017-07","Canada","2016A000011124","2012 constant prices","Tourism gross domestic product (GDP)","Seasonally adjusted at quarterly rates","Dollars","81","millions","6","v21400169","1.2.1.1","9578","","","","0"
"2017-10","Canada","2016A000011124","2012 constant prices","Tourism gross domestic product (GDP)","Seasonally adjusted at quarterly rates","Dollars","81","millions","6","v21400169","1.2.1.1","9613","","","","0"
"2018-01","Canada","2016A000011124","2012 constant prices","Tourism gross domestic product (GDP)","Seasonally adjusted at quarterly rates","Dollars","81","millions","6","v21400169","1.2.1.1","9624","","","","0"
"2018-04","Canada","2016A000011124","2012 constant prices","Tourism gross domestic product (GDP)","Seasonally adjusted at quarterly rates","Dollars","81","millions","6","v21400169","1.2.1.1","9719","","","","0"
"2018-07","Canada","2016A000011124","2012 constant prices","Tourism gross domestic product (GDP)","Seasonally adjusted at quarterly rates","Dollars","81","millions","6","v21400169","1.2.1.1","9799","","","","0"
"2018-10","Canada","2016A000011124","2012 constant prices","Tourism gross domestic product (GDP)","Seasonally adjusted at quarterly rates","Dollars","81","millions","6","v21400169","1.2.1.1","9813","","","","0"
"2019-01","Canada","2016A000011124","2012 constant prices","Tourism gross domestic product (GDP)","Seasonally adjusted at quarterly rates","Dollars","81","millions","6","v21400169","1.2.1.1","9847","","","","0"
"2019-04","Canada","2016A000011124","2012 constant prices","Tourism gross domestic product (GDP)","Seasonally adjusted at quarterly rates","Dollars","81","millions","6","v21400169","1.2.1.1","9950","","","","0"
"2019-07","Canada","2016A000011124","2012 constant prices","Tourism gross domestic product (GDP)","Seasonally adjusted at quarterly rates","Dollars","81","millions","6","v21400169","1.2.1.1","9932","","","","0"
"2019-10","Canada","2016A000011124","2012 constant prices","Tourism gross domestic product (GDP)","Seasonally adjusted at quarterly rates","Dollars","81","millions","6","v21400169","1.2.1.1","9986","","","","0"
"2020-01","Canada","2016A000011124","2012 constant prices","Tourism gross domestic product (GDP)","Seasonally adjusted at quarterly rates","Dollars","81","millions","6","v21400169","1.2.1.1","8525","","","","0"
"2020-04","Canada","2016A000011124","2012 constant prices","Tourism gross domestic product (GDP)","Seasonally adjusted at quarterly rates","Dollars","81","millions","6","v21400169","1.2.1.1","2867","","","","0"
"2010-04","Canada","2016A000011124","2012 constant prices","Total tourism industries","Seasonally adjusted at quarterly rates","Dollars","81","millions","6","v21400170","1.2.2.1","5796","","","","0"
"2010-07","Canada","2016A000011124","2012 constant prices","Total tourism industries","Seasonally adjusted at quarterly rates","Dollars","81","millions","6","v21400170","1.2.2.1","5822","","","","0"
"2010-10","Canada","2016A000011124","2012 constant prices","Total tourism industries","Seasonally adjusted at quarterly rates","Dollars","81","millions","6","v21400170","1.2.2.1","5863","","","","0"
"2011-01","Canada","2016A000011124","2012 constant prices","Total tourism industries","Seasonally adjusted at quarterly rates","Dollars","81","millions","6","v21400170","1.2.2.1","5908","","","","0"
"2011-04","Canada","2016A000011124","2012 constant prices","Total tourism industries","Seasonally adjusted at quarterly rates","Dollars","81","millions","6","v21400170","1.2.2.1","5958","","","","0"
"2011-07","Canada","2016A000011124","2012 constant prices","Total tourism industries","Seasonally adjusted at quarterly rates","Dollars","81","millions","6","v21400170","1.2.2.1","5981","","","","0"
"2011-10","Canada","2016A000011124","2012 constant prices","Total tourism industries","Seasonally adjusted at quarterly rates","Dollars","81","millions","6","v21400170","1.2.2.1","6004","","","","0"
"2012-01","Canada","2016A000011124","2012 constant prices","Total tourism industries","Seasonally adjusted at quarterly rates","Dollars","81","millions","6","v21400170","1.2.2.1","6034","","","","0"
"2012-04","Canada","2016A000011124","2012 constant prices","Total tourism industries","Seasonally adjusted at quarterly rates","Dollars","81","millions","6","v21400170","1.2.2.1","6086","","","","0"
"2012-07","Canada","2016A000011124","2012 constant prices","Total tourism industries","Seasonally adjusted at quarterly rates","Dollars","81","millions","6","v21400170","1.2.2.1","6132","","","","0"
"2012-10","Canada","2016A000011124","2012 constant prices","Total tourism industries","Seasonally adjusted at quarterly rates","Dollars","81","millions","6","v21400170","1.2.2.1","6130","","","","0"
"2013-01","Canada","2016A000011124","2012 constant prices","Total tourism industries","Seasonally adjusted at quarterly rates","Dollars","81","millions","6","v21400170","1.2.2.1","6085","","","","0"
"2013-04","Canada","2016A000011124","2012 constant prices","Total tourism industries","Seasonally adjusted at quarterly rates","Dollars","81","millions","6","v21400170","1.2.2.1","6088","","","","0"
"2013-07","Canada","2016A000011124","2012 constant prices","Total tourism industries","Seasonally adjusted at quarterly rates","Dollars","81","millions","6","v21400170","1.2.2.1","6033","","","","0"
"2013-10","Canada","2016A000011124","2012 constant prices","Total tourism industries","Seasonally adjusted at quarterly rates","Dollars","81","millions","6","v21400170","1.2.2.1","6086","","","","0"
"2014-01","Canada","2016A000011124","2012 constant prices","Total tourism industries","Seasonally adjusted at quarterly rates","Dollars","81","millions","6","v21400170","1.2.2.1","6152","","","","0"
"2014-04","Canada","2016A000011124","2012 constant prices","Total tourism industries","Seasonally adjusted at quarterly rates","Dollars","81","millions","6","v21400170","1.2.2.1","6232","","","","0"
"2014-07","Canada","2016A000011124","2012 constant prices","Total tourism industries","Seasonally adjusted at quarterly rates","Dollars","81","millions","6","v21400170","1.2.2.1","6248","","","","0"
"2014-10","Canada","2016A000011124","2012 constant prices","Total tourism industries","Seasonally adjusted at quarterly rates","Dollars","81","millions","6","v21400170","1.2.2.1","6325","","","","0"
"2015-01","Canada","2016A000011124","2012 constant prices","Total tourism industries","Seasonally adjusted at quarterly rates","Dollars","81","millions","6","v21400170","1.2.2.1","6286","","","","0"
"2015-04","Canada","2016A000011124","2012 constant prices","Total tourism industries","Seasonally adjusted at quarterly rates","Dollars","81","millions","6","v21400170","1.2.2.1","6334","","","","0"
"2015-07","Canada","2016A000011124","2012 constant prices","Total tourism industries","Seasonally adjusted at quarterly rates","Dollars","81","millions","6","v21400170","1.2.2.1","6346","","","","0"
"2015-10","Canada","2016A000011124","2012 constant prices","Total tourism industries","Seasonally adjusted at quarterly rates","Dollars","81","millions","6","v21400170","1.2.2.1","6366","","","","0"
"2016-01","Canada","2016A000011124","2012 constant prices","Total tourism industries","Seasonally adjusted at quarterly rates","Dollars","81","millions","6","v21400170","1.2.2.1","6452","","","","0"
"2016-04","Canada","2016A000011124","2012 constant prices","Total tourism industries","Seasonally adjusted at quarterly rates","Dollars","81","millions","6","v21400170","1.2.2.1","6506","","","","0"
"2016-07","Canada","2016A000011124","2012 constant prices","Total tourism industries","Seasonally adjusted at quarterly rates","Dollars","81","millions","6","v21400170","1.2.2.1","6674","","","","0"
"2016-10","Canada","2016A000011124","2012 constant prices","Total tourism industries","Seasonally adjusted at quarterly rates","Dollars","81","millions","6","v21400170","1.2.2.1","6611","","","","0"
"2017-01","Canada","2016A000011124","2012 constant prices","Total tourism industries","Seasonally adjusted at quarterly rates","Dollars","81","millions","6","v21400170","1.2.2.1","6690","","","","0"
"2017-04","Canada","2016A000011124","2012 constant prices","Total tourism industries","Seasonally adjusted at quarterly rates","Dollars","81","millions","6","v21400170","1.2.2.1","6828","","","","0"
"2017-07","Canada","2016A000011124","2012 constant prices","Total tourism industries","Seasonally adjusted at quarterly rates","Dollars","81","millions","6","v21400170","1.2.2.1","6944","","","","0"
"2017-10","Canada","2016A000011124","2012 constant prices","Total tourism industries","Seasonally adjusted at quarterly rates","Dollars","81","millions","6","v21400170","1.2.2.1","6969","","","","0"
"2018-01","Canada","2016A000011124","2012 constant prices","Total tourism industries","Seasonally adjusted at quarterly rates","Dollars","81","millions","6","v21400170","1.2.2.1","6989","","","","0"
"2018-04","Canada","2016A000011124","2012 constant prices","Total tourism industries","Seasonally adjusted at quarterly rates","Dollars","81","millions","6","v21400170","1.2.2.1","7075","","","","0"
"2018-07","Canada","2016A000011124","2012 constant prices","Total tourism industries","Seasonally adjusted at quarterly rates","Dollars","81","millions","6","v21400170","1.2.2.1","7146","","","","0"
"2018-10","Canada","2016A000011124","2012 constant prices","Total tourism industries","Seasonally adjusted at quarterly rates","Dollars","81","millions","6","v21400170","1.2.2.1","7159","","","","0"
"2019-01","Canada","2016A000011124","2012 constant prices","Total tourism industries","Seasonally adjusted at quarterly rates","Dollars","81","millions","6","v21400170","1.2.2.1","7183","","","","0"
"2019-04","Canada","2016A000011124","2012 constant prices","Total tourism industries","Seasonally adjusted at quarterly rates","Dollars","81","millions","6","v21400170","1.2.2.1","7280","","","","0"
"2019-07","Canada","2016A000011124","2012 constant prices","Total tourism industries","Seasonally adjusted at quarterly rates","Dollars","81","millions","6","v21400170","1.2.2.1","7268","","","","0"
"2019-10","Canada","2016A000011124","2012 constant prices","Total tourism industries","Seasonally adjusted at quarterly rates","Dollars","81","millions","6","v21400170","1.2.2.1","7331","","","","0"
"2020-01","Canada","2016A000011124","2012 constant prices","Total tourism industries","Seasonally adjusted at quarterly rates","Dollars","81","millions","6","v21400170","1.2.2.1","6206","","","","0"
"2020-04","Canada","2016A000011124","2012 constant prices","Total tourism industries","Seasonally adjusted at quarterly rates","Dollars","81","millions","6","v21400170","1.2.2.1","1675","","","","0"
"2010-04","Canada","2016A000011124","2012 constant prices","Transportation","Seasonally adjusted at quarterly rates","Dollars","81","millions","6","v21400171","1.2.3.1","1725","","","","0"
"2010-07","Canada","2016A000011124","2012 constant prices","Transportation","Seasonally adjusted at quarterly rates","Dollars","81","millions","6","v21400171","1.2.3.1","1753","","","","0"
"2010-10","Canada","2016A000011124","2012 constant prices","Transportation","Seasonally adjusted at quarterly rates","Dollars","81","millions","6","v21400171","1.2.3.1","1789","","","","0"
"2011-01","Canada","2016A000011124","2012 constant prices","Transportation","Seasonally adjusted at quarterly rates","Dollars","81","millions","6","v21400171","1.2.3.1","1832","","","","0"
"2011-04","Canada","2016A000011124","2012 constant prices","Transportation","Seasonally adjusted at quarterly rates","Dollars","81","millions","6","v21400171","1.2.3.1","1822","","","","0"
"2011-07","Canada","2016A000011124","2012 constant prices","Transportation","Seasonally adjusted at quarterly rates","Dollars","81","millions","6","v21400171","1.2.3.1","1828","","","","0"
"2011-10","Canada","2016A000011124","2012 constant prices","Transportation","Seasonally adjusted at quarterly rates","Dollars","81","millions","6","v21400171","1.2.3.1","1821","","","","0"
"2012-01","Canada","2016A000011124","2012 constant prices","Transportation","Seasonally adjusted at quarterly rates","Dollars","81","millions","6","v21400171","1.2.3.1","1836","","","","0"
"2012-04","Canada","2016A000011124","2012 constant prices","Transportation","Seasonally adjusted at quarterly rates","Dollars","81","millions","6","v21400171","1.2.3.1","1878","","","","0"
"2012-07","Canada","2016A000011124","2012 constant prices","Transportation","Seasonally adjusted at quarterly rates","Dollars","81","millions","6","v21400171","1.2.3.1","1887","","","","0"
"2012-10","Canada","2016A000011124","2012 constant prices","Transportation","Seasonally adjusted at quarterly rates","Dollars","81","millions","6","v21400171","1.2.3.1","1895","","","","0"
"2013-01","Canada","2016A000011124","2012 constant prices","Transportation","Seasonally adjusted at quarterly rates","Dollars","81","millions","6","v21400171","1.2.3.1","1860","","","","0"
"2013-04","Canada","2016A000011124","2012 constant prices","Transportation","Seasonally adjusted at quarterly rates","Dollars","81","millions","6","v21400171","1.2.3.1","1864","","","","0"
"2013-07","Canada","2016A000011124","2012 constant prices","Transportation","Seasonally adjusted at quarterly rates","Dollars","81","millions","6","v21400171","1.2.3.1","1842","","","","0"
"2013-10","Canada","2016A000011124","2012 constant prices","Transportation","Seasonally adjusted at quarterly rates","Dollars","81","millions","6","v21400171","1.2.3.1","1883","","","","0"
"2014-01","Canada","2016A000011124","2012 constant prices","Transportation","Seasonally adjusted at quarterly rates","Dollars","81","millions","6","v21400171","1.2.3.1","1900","","","","0"
"2014-04","Canada","2016A000011124","2012 constant prices","Transportation","Seasonally adjusted at quarterly rates","Dollars","81","millions","6","v21400171","1.2.3.1","1939","","","","0"
"2014-07","Canada","2016A000011124","2012 constant prices","Transportation","Seasonally adjusted at quarterly rates","Dollars","81","millions","6","v21400171","1.2.3.1","1965","","","","0"
"2014-10","Canada","2016A000011124","2012 constant prices","Transportation","Seasonally adjusted at quarterly rates","Dollars","81","millions","6","v21400171","1.2.3.1","1998","","","","0"
"2015-01","Canada","2016A000011124","2012 constant prices","Transportation","Seasonally adjusted at quarterly rates","Dollars","81","millions","6","v21400171","1.2.3.1","2011","","","","0"
"2015-04","Canada","2016A000011124","2012 constant prices","Transportation","Seasonally adjusted at quarterly rates","Dollars","81","millions","6","v21400171","1.2.3.1","2016","","","","0"
"2015-07","Canada","2016A000011124","2012 constant prices","Transportation","Seasonally adjusted at quarterly rates","Dollars","81","millions","6","v21400171","1.2.3.1","2009","","","","0"
"2015-10","Canada","2016A000011124","2012 constant prices","Transportation","Seasonally adjusted at quarterly rates","Dollars","81","millions","6","v21400171","1.2.3.1","2025","","","","0"
"2016-01","Canada","2016A000011124","2012 constant prices","Transportation","Seasonally adjusted at quarterly rates","Dollars","81","millions","6","v21400171","1.2.3.1","2078","","","","0"
"2016-04","Canada","2016A000011124","2012 constant prices","Transportation","Seasonally adjusted at quarterly rates","Dollars","81","millions","6","v21400171","1.2.3.1","2114","","","","0"
"2016-07","Canada","2016A000011124","2012 constant prices","Transportation","Seasonally adjusted at quarterly rates","Dollars","81","millions","6","v21400171","1.2.3.1","2172","","","","0"
"2016-10","Canada","2016A000011124","2012 constant prices","Transportation","Seasonally adjusted at quarterly rates","Dollars","81","millions","6","v21400171","1.2.3.1","2184","","","","0"
"2017-01","Canada","2016A000011124","2012 constant prices","Transportation","Seasonally adjusted at quarterly rates","Dollars","81","millions","6","v21400171","1.2.3.1","2243","","","","0"
"2017-04","Canada","2016A000011124","2012 constant prices","Transportation","Seasonally adjusted at quarterly rates","Dollars","81","millions","6","v21400171","1.2.3.1","2307","","","","0"
"2017-07","Canada","2016A000011124","2012 constant prices","Transportation","Seasonally adjusted at quarterly rates","Dollars","81","millions","6","v21400171","1.2.3.1","2347","","","","0"
"2017-10","Canada","2016A000011124","2012 constant prices","Transportation","Seasonally adjusted at quarterly rates","Dollars","81","millions","6","v21400171","1.2.3.1","2381","","","","0"
"2018-01","Canada","2016A000011124","2012 constant prices","Transportation","Seasonally adjusted at quarterly rates","Dollars","81","millions","6","v21400171","1.2.3.1","2414","","","","0"
"2018-04","Canada","2016A000011124","2012 constant prices","Transportation","Seasonally adjusted at quarterly rates","Dollars","81","millions","6","v21400171","1.2.3.1","2437","","","","0"
"2018-07","Canada","2016A000011124","2012 constant prices","Transportation","Seasonally adjusted at quarterly rates","Dollars","81","millions","6","v21400171","1.2.3.1","2461","","","","0"
"2018-10","Canada","2016A000011124","2012 constant prices","Transportation","Seasonally adjusted at quarterly rates","Dollars","81","millions","6","v21400171","1.2.3.1","2440","","","","0"
"2019-01","Canada","2016A000011124","2012 constant prices","Transportation","Seasonally adjusted at quarterly rates","Dollars","81","millions","6","v21400171","1.2.3.1","2450","","","","0"
"2019-04","Canada","2016A000011124","2012 constant prices","Transportation","Seasonally adjusted at quarterly rates","Dollars","81","millions","6","v21400171","1.2.3.1","2480","","","","0"
"2019-07","Canada","2016A000011124","2012 constant prices","Transportation","Seasonally adjusted at quarterly rates","Dollars","81","millions","6","v21400171","1.2.3.1","2460","","","","0"
"2019-10","Canada","2016A000011124","2012 constant prices","Transportation","Seasonally adjusted at quarterly rates","Dollars","81","millions","6","v21400171","1.2.3.1","2500","","","","0"
"2020-01","Canada","2016A000011124","2012 constant prices","Transportation","Seasonally adjusted at quarterly rates","Dollars","81","millions","6","v21400171","1.2.3.1","2034","","","","0"
"2020-04","Canada","2016A000011124","2012 constant prices","Transportation","Seasonally adjusted at quarterly rates","Dollars","81","millions","6","v21400171","1.2.3.1","204","","","","0"
"2010-04","Canada","2016A000011124","2012 constant prices","Accommodation","Seasonally adjusted at quarterly rates","Dollars","81","millions","6","v21400172","1.2.4.1","1614","","","","0"
"2010-07","Canada","2016A000011124","2012 constant prices","Accommodation","Seasonally adjusted at quarterly rates","Dollars","81","millions","6","v21400172","1.2.4.1","1618","","","","0"
"2010-10","Canada","2016A000011124","2012 constant prices","Accommodation","Seasonally adjusted at quarterly rates","Dollars","81","millions","6","v21400172","1.2.4.1","1621","","","","0"
"2011-01","Canada","2016A000011124","2012 constant prices","Accommodation","Seasonally adjusted at quarterly rates","Dollars","81","millions","6","v21400172","1.2.4.1","1631","","","","0"
"2011-04","Canada","2016A000011124","2012 constant prices","Accommodation","Seasonally adjusted at quarterly rates","Dollars","81","millions","6","v21400172","1.2.4.1","1671","","","","0"
"2011-07","Canada","2016A000011124","2012 constant prices","Accommodation","Seasonally adjusted at quarterly rates","Dollars","81","millions","6","v21400172","1.2.4.1","1680","","","","0"
"2011-10","Canada","2016A000011124","2012 constant prices","Accommodation","Seasonally adjusted at quarterly rates","Dollars","81","millions","6","v21400172","1.2.4.1","1692","","","","0"
"2012-01","Canada","2016A000011124","2012 constant prices","Accommodation","Seasonally adjusted at quarterly rates","Dollars","81","millions","6","v21400172","1.2.4.1","1679","","","","0"
"2012-04","Canada","2016A000011124","2012 constant prices","Accommodation","Seasonally adjusted at quarterly rates","Dollars","81","millions","6","v21400172","1.2.4.1","1693","","","","0"
"2012-07","Canada","2016A000011124","2012 constant prices","Accommodation","Seasonally adjusted at quarterly rates","Dollars","81","millions","6","v21400172","1.2.4.1","1732","","","","0"
"2012-10","Canada","2016A000011124","2012 constant prices","Accommodation","Seasonally adjusted at quarterly rates","Dollars","81","millions","6","v21400172","1.2.4.1","1729","","","","0"
"2013-01","Canada","2016A000011124","2012 constant prices","Accommodation","Seasonally adjusted at quarterly rates","Dollars","81","millions","6","v21400172","1.2.4.1","1723","","","","0"
"2013-04","Canada","2016A000011124","2012 constant prices","Accommodation","Seasonally adjusted at quarterly rates","Dollars","81","millions","6","v21400172","1.2.4.1","1708","","","","0"
"2013-07","Canada","2016A000011124","2012 constant prices","Accommodation","Seasonally adjusted at quarterly rates","Dollars","81","millions","6","v21400172","1.2.4.1","1664","","","","0"
"2013-10","Canada","2016A000011124","2012 constant prices","Accommodation","Seasonally adjusted at quarterly rates","Dollars","81","millions","6","v21400172","1.2.4.1","1669","","","","0"
"2014-01","Canada","2016A000011124","2012 constant prices","Accommodation","Seasonally adjusted at quarterly rates","Dollars","81","millions","6","v21400172","1.2.4.1","1712","","","","0"
"2014-04","Canada","2016A000011124","2012 constant prices","Accommodation","Seasonally adjusted at quarterly rates","Dollars","81","millions","6","v21400172","1.2.4.1","1721","","","","0"
"2014-07","Canada","2016A000011124","2012 constant prices","Accommodation","Seasonally adjusted at quarterly rates","Dollars","81","millions","6","v21400172","1.2.4.1","1713","","","","0"
"2014-10","Canada","2016A000011124","2012 constant prices","Accommodation","Seasonally adjusted at quarterly rates","Dollars","81","millions","6","v21400172","1.2.4.1","1748","","","","0"
"2015-01","Canada","2016A000011124","2012 constant prices","Accommodation","Seasonally adjusted at quarterly rates","Dollars","81","millions","6","v21400172","1.2.4.1","1702","","","","0"
"2015-04","Canada","2016A000011124","2012 constant prices","Accommodation","Seasonally adjusted at quarterly rates","Dollars","81","millions","6","v21400172","1.2.4.1","1712","","","","0"
"2015-07","Canada","2016A000011124","2012 constant prices","Accommodation","Seasonally adjusted at quarterly rates","Dollars","81","millions","6","v21400172","1.2.4.1","1714","","","","0"
"2015-10","Canada","2016A000011124","2012 constant prices","Accommodation","Seasonally adjusted at quarterly rates","Dollars","81","millions","6","v21400172","1.2.4.1","1701","","","","0"
"2016-01","Canada","2016A000011124","2012 constant prices","Accommodation","Seasonally adjusted at quarterly rates","Dollars","81","millions","6","v21400172","1.2.4.1","1723","","","","0"
"2016-04","Canada","2016A000011124","2012 constant prices","Accommodation","Seasonally adjusted at quarterly rates","Dollars","81","millions","6","v21400172","1.2.4.1","1749","","","","0"
"2016-07","Canada","2016A000011124","2012 constant prices","Accommodation","Seasonally adjusted at quarterly rates","Dollars","81","millions","6","v21400172","1.2.4.1","1830","","","","0"
"2016-10","Canada","2016A000011124","2012 constant prices","Accommodation","Seasonally adjusted at quarterly rates","Dollars","81","millions","6","v21400172","1.2.4.1","1765","","","","0"
"2017-01","Canada","2016A000011124","2012 constant prices","Accommodation","Seasonally adjusted at quarterly rates","Dollars","81","millions","6","v21400172","1.2.4.1","1763","","","","0"
"2017-04","Canada","2016A000011124","2012 constant prices","Accommodation","Seasonally adjusted at quarterly rates","Dollars","81","millions","6","v21400172","1.2.4.1","1824","","","","0"
"2017-07","Canada","2016A000011124","2012 constant prices","Accommodation","Seasonally adjusted at quarterly rates","Dollars","81","millions","6","v21400172","1.2.4.1","1881","","","","0"
"2017-10","Canada","2016A000011124","2012 constant prices","Accommodation","Seasonally adjusted at quarterly rates","Dollars","81","millions","6","v21400172","1.2.4.1","1872","","","","0"
"2018-01","Canada","2016A000011124","2012 constant prices","Accommodation","Seasonally adjusted at quarterly rates","Dollars","81","millions","6","v21400172","1.2.4.1","1877","","","","0"
"2018-04","Canada","2016A000011124","2012 constant prices","Accommodation","Seasonally adjusted at quarterly rates","Dollars","81","millions","6","v21400172","1.2.4.1","1932","","","","0"
"2018-07","Canada","2016A000011124","2012 constant prices","Accommodation","Seasonally adjusted at quarterly rates","Dollars","81","millions","6","v21400172","1.2.4.1","1979","","","","0"
"2018-10","Canada","2016A000011124","2012 constant prices","Accommodation","Seasonally adjusted at quarterly rates","Dollars","81","millions","6","v21400172","1.2.4.1","2000","","","","0"
"2019-01","Canada","2016A000011124","2012 constant prices","Accommodation","Seasonally adjusted at quarterly rates","Dollars","81","millions","6","v21400172","1.2.4.1","2016","","","","0"
"2019-04","Canada","2016A000011124","2012 constant prices","Accommodation","Seasonally adjusted at quarterly rates","Dollars","81","millions","6","v21400172","1.2.4.1","2061","","","","0"
"2019-07","Canada","2016A000011124","2012 constant prices","Accommodation","Seasonally adjusted at quarterly rates","Dollars","81","millions","6","v21400172","1.2.4.1","2076","","","","0"
"2019-10","Canada","2016A000011124","2012 constant prices","Accommodation","Seasonally adjusted at quarterly rates","Dollars","81","millions","6","v21400172","1.2.4.1","2094","","","","0"
"2020-01","Canada","2016A000011124","2012 constant prices","Accommodation","Seasonally adjusted at quarterly rates","Dollars","81","millions","6","v21400172","1.2.4.1","1819","","","","0"
"2020-04","Canada","2016A000011124","2012 constant prices","Accommodation","Seasonally adjusted at quarterly rates","Dollars","81","millions","6","v21400172","1.2.4.1","586","","","","0"
"2010-04","Canada","2016A000011124","2012 constant prices","Food and beverage services","Seasonally adjusted at quarterly rates","Dollars","81","millions","6","v21400173","1.2.5.1","1206","","","","0"
"2010-07","Canada","2016A000011124","2012 constant prices","Food and beverage services","Seasonally adjusted at quarterly rates","Dollars","81","millions","6","v21400173","1.2.5.1","1202","","","","0"
"2010-10","Canada","2016A000011124","2012 constant prices","Food and beverage services","Seasonally adjusted at quarterly rates","Dollars","81","millions","6","v21400173","1.2.5.1","1200","","","","0"
"2011-01","Canada","2016A000011124","2012 constant prices","Food and beverage services","Seasonally adjusted at quarterly rates","Dollars","81","millions","6","v21400173","1.2.5.1","1198","","","","0"
"2011-04","Canada","2016A000011124","2012 constant prices","Food and beverage services","Seasonally adjusted at quarterly rates","Dollars","81","millions","6","v21400173","1.2.5.1","1217","","","","0"
"2011-07","Canada","2016A000011124","2012 constant prices","Food and beverage services","Seasonally adjusted at quarterly rates","Dollars","81","millions","6","v21400173","1.2.5.1","1223","","","","0"
"2011-10","Canada","2016A000011124","2012 constant prices","Food and beverage services","Seasonally adjusted at quarterly rates","Dollars","81","millions","6","v21400173","1.2.5.1","1228","","","","0"
"2012-01","Canada","2016A000011124","2012 constant prices","Food and beverage services","Seasonally adjusted at quarterly rates","Dollars","81","millions","6","v21400173","1.2.5.1","1243","","","","0"
"2012-04","Canada","2016A000011124","2012 constant prices","Food and beverage services","Seasonally adjusted at quarterly rates","Dollars","81","millions","6","v21400173","1.2.5.1","1250","","","","0"
"2012-07","Canada","2016A000011124","2012 constant prices","Food and beverage services","Seasonally adjusted at quarterly rates","Dollars","81","millions","6","v21400173","1.2.5.1","1251","","","","0"
"2012-10","Canada","2016A000011124","2012 constant prices","Food and beverage services","Seasonally adjusted at quarterly rates","Dollars","81","millions","6","v21400173","1.2.5.1","1258","","","","0"
"2013-01","Canada","2016A000011124","2012 constant prices","Food and beverage services","Seasonally adjusted at quarterly rates","Dollars","81","millions","6","v21400173","1.2.5.1","1277","","","","0"
"2013-04","Canada","2016A000011124","2012 constant prices","Food and beverage services","Seasonally adjusted at quarterly rates","Dollars","81","millions","6","v21400173","1.2.5.1","1290","","","","0"
"2013-07","Canada","2016A000011124","2012 constant prices","Food and beverage services","Seasonally adjusted at quarterly rates","Dollars","81","millions","6","v21400173","1.2.5.1","1303","","","","0"
"2013-10","Canada","2016A000011124","2012 constant prices","Food and beverage services","Seasonally adjusted at quarterly rates","Dollars","81","millions","6","v21400173","1.2.5.1","1304","","","","0"
"2014-01","Canada","2016A000011124","2012 constant prices","Food and beverage services","Seasonally adjusted at quarterly rates","Dollars","81","millions","6","v21400173","1.2.5.1","1307","","","","0"
"2014-04","Canada","2016A000011124","2012 constant prices","Food and beverage services","Seasonally adjusted at quarterly rates","Dollars","81","millions","6","v21400173","1.2.5.1","1333","","","","0"
"2014-07","Canada","2016A000011124","2012 constant prices","Food and beverage services","Seasonally adjusted at quarterly rates","Dollars","81","millions","6","v21400173","1.2.5.1","1346","","","","0"
"2014-10","Canada","2016A000011124","2012 constant prices","Food and beverage services","Seasonally adjusted at quarterly rates","Dollars","81","millions","6","v21400173","1.2.5.1","1347","","","","0"
"2015-01","Canada","2016A000011124","2012 constant prices","Food and beverage services","Seasonally adjusted at quarterly rates","Dollars","81","millions","6","v21400173","1.2.5.1","1340","","","","0"
"2015-04","Canada","2016A000011124","2012 constant prices","Food and beverage services","Seasonally adjusted at quarterly rates","Dollars","81","millions","6","v21400173","1.2.5.1","1363","","","","0"
"2015-07","Canada","2016A000011124","2012 constant prices","Food and beverage services","Seasonally adjusted at quarterly rates","Dollars","81","millions","6","v21400173","1.2.5.1","1372","","","","0"
"2015-10","Canada","2016A000011124","2012 constant prices","Food and beverage services","Seasonally adjusted at quarterly rates","Dollars","81","millions","6","v21400173","1.2.5.1","1375","","","","0"
"2016-01","Canada","2016A000011124","2012 constant prices","Food and beverage services","Seasonally adjusted at quarterly rates","Dollars","81","millions","6","v21400173","1.2.5.1","1388","","","","0"
"2016-04","Canada","2016A000011124","2012 constant prices","Food and beverage services","Seasonally adjusted at quarterly rates","Dollars","81","millions","6","v21400173","1.2.5.1","1397","","","","0"
"2016-07","Canada","2016A000011124","2012 constant prices","Food and beverage services","Seasonally adjusted at quarterly rates","Dollars","81","millions","6","v21400173","1.2.5.1","1412","","","","0"
"2016-10","Canada","2016A000011124","2012 constant prices","Food and beverage services","Seasonally adjusted at quarterly rates","Dollars","81","millions","6","v21400173","1.2.5.1","1408","","","","0"
"2017-01","Canada","2016A000011124","2012 constant prices","Food and beverage services","Seasonally adjusted at quarterly rates","Dollars","81","millions","6","v21400173","1.2.5.1","1420","","","","0"
"2017-04","Canada","2016A000011124","2012 constant prices","Food and beverage services","Seasonally adjusted at quarterly rates","Dollars","81","millions","6","v21400173","1.2.5.1","1435","","","","0"
"2017-07","Canada","2016A000011124","2012 constant prices","Food and beverage services","Seasonally adjusted at quarterly rates","Dollars","81","millions","6","v21400173","1.2.5.1","1453","","","","0"
"2017-10","Canada","2016A000011124","2012 constant prices","Food and beverage services","Seasonally adjusted at quarterly rates","Dollars","81","millions","6","v21400173","1.2.5.1","1455","","","","0"
"2018-01","Canada","2016A000011124","2012 constant prices","Food and beverage services","Seasonally adjusted at quarterly rates","Dollars","81","millions","6","v21400173","1.2.5.1","1445","","","","0"
"2018-04","Canada","2016A000011124","2012 constant prices","Food and beverage services","Seasonally adjusted at quarterly rates","Dollars","81","millions","6","v21400173","1.2.5.1","1448","","","","0"
"2018-07","Canada","2016A000011124","2012 constant prices","Food and beverage services","Seasonally adjusted at quarterly rates","Dollars","81","millions","6","v21400173","1.2.5.1","1458","","","","0"
"2018-10","Canada","2016A000011124","2012 constant prices","Food and beverage services","Seasonally adjusted at quarterly rates","Dollars","81","millions","6","v21400173","1.2.5.1","1462","","","","0"
"2019-01","Canada","2016A000011124","2012 constant prices","Food and beverage services","Seasonally adjusted at quarterly rates","Dollars","81","millions","6","v21400173","1.2.5.1","1457","","","","0"
"2019-04","Canada","2016A000011124","2012 constant prices","Food and beverage services","Seasonally adjusted at quarterly rates","Dollars","81","millions","6","v21400173","1.2.5.1","1466","","","","0"
"2019-07","Canada","2016A000011124","2012 constant prices","Food and beverage services","Seasonally adjusted at quarterly rates","Dollars","81","millions","6","v21400173","1.2.5.1","1461","","","","0"
"2019-10","Canada","2016A000011124","2012 constant prices","Food and beverage services","Seasonally adjusted at quarterly rates","Dollars","81","millions","6","v21400173","1.2.5.1","1467","","","","0"
"2020-01","Canada","2016A000011124","2012 constant prices","Food and beverage services","Seasonally adjusted at quarterly rates","Dollars","81","millions","6","v21400173","1.2.5.1","1256","","","","0"
"2020-04","Canada","2016A000011124","2012 constant prices","Food and beverage services","Seasonally adjusted at quarterly rates","Dollars","81","millions","6","v21400173","1.2.5.1","503","","","","0"
"2010-04","Canada","2016A000011124","2012 constant prices","Other tourism industries","Seasonally adjusted at quarterly rates","Dollars","81","millions","6","v21400174","1.2.6.1","1251","","","","0"
"2010-07","Canada","2016A000011124","2012 constant prices","Other tourism industries","Seasonally adjusted at quarterly rates","Dollars","81","millions","6","v21400174","1.2.6.1","1249","","","","0"
"2010-10","Canada","2016A000011124","2012 constant prices","Other tourism industries","Seasonally adjusted at quarterly rates","Dollars","81","millions","6","v21400174","1.2.6.1","1253","","","","0"
"2011-01","Canada","2016A000011124","2012 constant prices","Other tourism industries","Seasonally adjusted at quarterly rates","Dollars","81","millions","6","v21400174","1.2.6.1","1247","","","","0"
"2011-04","Canada","2016A000011124","2012 constant prices","Other tourism industries","Seasonally adjusted at quarterly rates","Dollars","81","millions","6","v21400174","1.2.6.1","1248","","","","0"
"2011-07","Canada","2016A000011124","2012 constant prices","Other tourism industries","Seasonally adjusted at quarterly rates","Dollars","81","millions","6","v21400174","1.2.6.1","1250","","","","0"
"2011-10","Canada","2016A000011124","2012 constant prices","Other tourism industries","Seasonally adjusted at quarterly rates","Dollars","81","millions","6","v21400174","1.2.6.1","1263","","","","0"
"2012-01","Canada","2016A000011124","2012 constant prices","Other tourism industries","Seasonally adjusted at quarterly rates","Dollars","81","millions","6","v21400174","1.2.6.1","1276","","","","0"
"2012-04","Canada","2016A000011124","2012 constant prices","Other tourism industries","Seasonally adjusted at quarterly rates","Dollars","81","millions","6","v21400174","1.2.6.1","1265","","","","0"
"2012-07","Canada","2016A000011124","2012 constant prices","Other tourism industries","Seasonally adjusted at quarterly rates","Dollars","81","millions","6","v21400174","1.2.6.1","1262","","","","0"
"2012-10","Canada","2016A000011124","2012 constant prices","Other tourism industries","Seasonally adjusted at quarterly rates","Dollars","81","millions","6","v21400174","1.2.6.1","1248","","","","0"
"2013-01","Canada","2016A000011124","2012 constant prices","Other tourism industries","Seasonally adjusted at quarterly rates","Dollars","81","millions","6","v21400174","1.2.6.1","1225","","","","0"
"2013-04","Canada","2016A000011124","2012 constant prices","Other tourism industries","Seasonally adjusted at quarterly rates","Dollars","81","millions","6","v21400174","1.2.6.1","1226","","","","0"
"2013-07","Canada","2016A000011124","2012 constant prices","Other tourism industries","Seasonally adjusted at quarterly rates","Dollars","81","millions","6","v21400174","1.2.6.1","1224","","","","0"
"2013-10","Canada","2016A000011124","2012 constant prices","Other tourism industries","Seasonally adjusted at quarterly rates","Dollars","81","millions","6","v21400174","1.2.6.1","1230","","","","0"
"2014-01","Canada","2016A000011124","2012 constant prices","Other tourism industries","Seasonally adjusted at quarterly rates","Dollars","81","millions","6","v21400174","1.2.6.1","1233","","","","0"
"2014-04","Canada","2016A000011124","2012 constant prices","Other tourism industries","Seasonally adjusted at quarterly rates","Dollars","81","millions","6","v21400174","1.2.6.1","1239","","","","0"
"2014-07","Canada","2016A000011124","2012 constant prices","Other tourism industries","Seasonally adjusted at quarterly rates","Dollars","81","millions","6","v21400174","1.2.6.1","1224","","","","0"
"2014-10","Canada","2016A000011124","2012 constant prices","Other tourism industries","Seasonally adjusted at quarterly rates","Dollars","81","millions","6","v21400174","1.2.6.1","1232","","","","0"
"2015-01","Canada","2016A000011124","2012 constant prices","Other tourism industries","Seasonally adjusted at quarterly rates","Dollars","81","millions","6","v21400174","1.2.6.1","1233","","","","0"
"2015-04","Canada","2016A000011124","2012 constant prices","Other tourism industries","Seasonally adjusted at quarterly rates","Dollars","81","millions","6","v21400174","1.2.6.1","1243","","","","0"
"2015-07","Canada","2016A000011124","2012 constant prices","Other tourism industries","Seasonally adjusted at quarterly rates","Dollars","81","millions","6","v21400174","1.2.6.1","1251","","","","0"
"2015-10","Canada","2016A000011124","2012 constant prices","Other tourism industries","Seasonally adjusted at quarterly rates","Dollars","81","millions","6","v21400174","1.2.6.1","1265","","","","0"
"2016-01","Canada","2016A000011124","2012 constant prices","Other tourism industries","Seasonally adjusted at quarterly rates","Dollars","81","millions","6","v21400174","1.2.6.1","1263","","","","0"
"2016-04","Canada","2016A000011124","2012 constant prices","Other tourism industries","Seasonally adjusted at quarterly rates","Dollars","81","millions","6","v21400174","1.2.6.1","1246","","","","0"
"2016-07","Canada","2016A000011124","2012 constant prices","Other tourism industries","Seasonally adjusted at quarterly rates","Dollars","81","millions","6","v21400174","1.2.6.1","1260","","","","0"
"2016-10","Canada","2016A000011124","2012 constant prices","Other tourism industries","Seasonally adjusted at quarterly rates","Dollars","81","millions","6","v21400174","1.2.6.1","1254","","","","0"
"2017-01","Canada","2016A000011124","2012 constant prices","Other tourism industries","Seasonally adjusted at quarterly rates","Dollars","81","millions","6","v21400174","1.2.6.1","1264","","","","0"
"2017-04","Canada","2016A000011124","2012 constant prices","Other tourism industries","Seasonally adjusted at quarterly rates","Dollars","81","millions","6","v21400174","1.2.6.1","1262","","","","0"
"2017-07","Canada","2016A000011124","2012 constant prices","Other tourism industries","Seasonally adjusted at quarterly rates","Dollars","81","millions","6","v21400174","1.2.6.1","1263","","","","0"
"2017-10","Canada","2016A000011124","2012 constant prices","Other tourism industries","Seasonally adjusted at quarterly rates","Dollars","81","millions","6","v21400174","1.2.6.1","1261","","","","0"
"2018-01","Canada","2016A000011124","2012 constant prices","Other tourism industries","Seasonally adjusted at quarterly rates","Dollars","81","millions","6","v21400174","1.2.6.1","1253","","","","0"
"2018-04","Canada","2016A000011124","2012 constant prices","Other tourism industries","Seasonally adjusted at quarterly rates","Dollars","81","millions","6","v21400174","1.2.6.1","1258","","","","0"
"2018-07","Canada","2016A000011124","2012 constant prices","Other tourism industries","Seasonally adjusted at quarterly rates","Dollars","81","millions","6","v21400174","1.2.6.1","1248","","","","0"
"2018-10","Canada","2016A000011124","2012 constant prices","Other tourism industries","Seasonally adjusted at quarterly rates","Dollars","81","millions","6","v21400174","1.2.6.1","1257","","","","0"
"2019-01","Canada","2016A000011124","2012 constant prices","Other tourism industries","Seasonally adjusted at quarterly rates","Dollars","81","millions","6","v21400174","1.2.6.1","1260","","","","0"
"2019-04","Canada","2016A000011124","2012 constant prices","Other tourism industries","Seasonally adjusted at quarterly rates","Dollars","81","millions","6","v21400174","1.2.6.1","1273","","","","0"
"2019-07","Canada","2016A000011124","2012 constant prices","Other tourism industries","Seasonally adjusted at quarterly rates","Dollars","81","millions","6","v21400174","1.2.6.1","1271","","","","0"
"2019-10","Canada","2016A000011124","2012 constant prices","Other tourism industries","Seasonally adjusted at quarterly rates","Dollars","81","millions","6","v21400174","1.2.6.1","1270","","","","0"
"2020-01","Canada","2016A000011124","2012 constant prices","Other tourism industries","Seasonally adjusted at quarterly rates","Dollars","81","millions","6","v21400174","1.2.6.1","1097","","","","0"
"2020-04","Canada","2016A000011124","2012 constant prices","Other tourism industries","Seasonally adjusted at quarterly rates","Dollars","81","millions","6","v21400174","1.2.6.1","382","","","","0"
"2010-04","Canada","2016A000011124","2012 constant prices","Other industries","Seasonally adjusted at quarterly rates","Dollars","81","millions","6","v21400175","1.2.7.1","2220","","","","0"
"2010-07","Canada","2016A000011124","2012 constant prices","Other industries","Seasonally adjusted at quarterly rates","Dollars","81","millions","6","v21400175","1.2.7.1","2246","","","","0"
"2010-10","Canada","2016A000011124","2012 constant prices","Other industries","Seasonally adjusted at quarterly rates","Dollars","81","millions","6","v21400175","1.2.7.1","2262","","","","0"
"2011-01","Canada","2016A000011124","2012 constant prices","Other industries","Seasonally adjusted at quarterly rates","Dollars","81","millions","6","v21400175","1.2.7.1","2260","","","","0"
"2011-04","Canada","2016A000011124","2012 constant prices","Other industries","Seasonally adjusted at quarterly rates","Dollars","81","millions","6","v21400175","1.2.7.1","2269","","","","0"
"2011-07","Canada","2016A000011124","2012 constant prices","Other industries","Seasonally adjusted at quarterly rates","Dollars","81","millions","6","v21400175","1.2.7.1","2296","","","","0"
"2011-10","Canada","2016A000011124","2012 constant prices","Other industries","Seasonally adjusted at quarterly rates","Dollars","81","millions","6","v21400175","1.2.7.1","2311","","","","0"
"2012-01","Canada","2016A000011124","2012 constant prices","Other industries","Seasonally adjusted at quarterly rates","Dollars","81","millions","6","v21400175","1.2.7.1","2295","","","","0"
"2012-04","Canada","2016A000011124","2012 constant prices","Other industries","Seasonally adjusted at quarterly rates","Dollars","81","millions","6","v21400175","1.2.7.1","2315","","","","0"
"2012-07","Canada","2016A000011124","2012 constant prices","Other industries","Seasonally adjusted at quarterly rates","Dollars","81","millions","6","v21400175","1.2.7.1","2317","","","","0"
"2012-10","Canada","2016A000011124","2012 constant prices","Other industries","Seasonally adjusted at quarterly rates","Dollars","81","millions","6","v21400175","1.2.7.1","2335","","","","0"
"2013-01","Canada","2016A000011124","2012 constant prices","Other industries","Seasonally adjusted at quarterly rates","Dollars","81","millions","6","v21400175","1.2.7.1","2354","","","","0"
"2013-04","Canada","2016A000011124","2012 constant prices","Other industries","Seasonally adjusted at quarterly rates","Dollars","81","millions","6","v21400175","1.2.7.1","2374","","","","0"
"2013-07","Canada","2016A000011124","2012 constant prices","Other industries","Seasonally adjusted at quarterly rates","Dollars","81","millions","6","v21400175","1.2.7.1","2408","","","","0"
"2013-10","Canada","2016A000011124","2012 constant prices","Other industries","Seasonally adjusted at quarterly rates","Dollars","81","millions","6","v21400175","1.2.7.1","2444","","","","0"
"2014-01","Canada","2016A000011124","2012 constant prices","Other industries","Seasonally adjusted at quarterly rates","Dollars","81","millions","6","v21400175","1.2.7.1","2459","","","","0"
"2014-04","Canada","2016A000011124","2012 constant prices","Other industries","Seasonally adjusted at quarterly rates","Dollars","81","millions","6","v21400175","1.2.7.1","2471","","","","0"
"2014-07","Canada","2016A000011124","2012 constant prices","Other industries","Seasonally adjusted at quarterly rates","Dollars","81","millions","6","v21400175","1.2.7.1","2479","","","","0"
"2014-10","Canada","2016A000011124","2012 constant prices","Other industries","Seasonally adjusted at quarterly rates","Dollars","81","millions","6","v21400175","1.2.7.1","2514","","","","0"
"2015-01","Canada","2016A000011124","2012 constant prices","Other industries","Seasonally adjusted at quarterly rates","Dollars","81","millions","6","v21400175","1.2.7.1","2517","","","","0"
"2015-04","Canada","2016A000011124","2012 constant prices","Other industries","Seasonally adjusted at quarterly rates","Dollars","81","millions","6","v21400175","1.2.7.1","2505","","","","0"
"2015-07","Canada","2016A000011124","2012 constant prices","Other industries","Seasonally adjusted at quarterly rates","Dollars","81","millions","6","v21400175","1.2.7.1","2521","","","","0"
"2015-10","Canada","2016A000011124","2012 constant prices","Other industries","Seasonally adjusted at quarterly rates","Dollars","81","millions","6","v21400175","1.2.7.1","2529","","","","0"
"2016-01","Canada","2016A000011124","2012 constant prices","Other industries","Seasonally adjusted at quarterly rates","Dollars","81","millions","6","v21400175","1.2.7.1","2552","","","","0"
"2016-04","Canada","2016A000011124","2012 constant prices","Other industries","Seasonally adjusted at quarterly rates","Dollars","81","millions","6","v21400175","1.2.7.1","2559","","","","0"
"2016-07","Canada","2016A000011124","2012 constant prices","Other industries","Seasonally adjusted at quarterly rates","Dollars","81","millions","6","v21400175","1.2.7.1","2558","","","","0"
"2016-10","Canada","2016A000011124","2012 constant prices","Other industries","Seasonally adjusted at quarterly rates","Dollars","81","millions","6","v21400175","1.2.7.1","2580","","","","0"
"2017-01","Canada","2016A000011124","2012 constant prices","Other industries","Seasonally adjusted at quarterly rates","Dollars","81","millions","6","v21400175","1.2.7.1","2598","","","","0"
"2017-04","Canada","2016A000011124","2012 constant prices","Other industries","Seasonally adjusted at quarterly rates","Dollars","81","millions","6","v21400175","1.2.7.1","2646","","","","0"
"2017-07","Canada","2016A000011124","2012 constant prices","Other industries","Seasonally adjusted at quarterly rates","Dollars","81","millions","6","v21400175","1.2.7.1","2634","","","","0"
"2017-10","Canada","2016A000011124","2012 constant prices","Other industries","Seasonally adjusted at quarterly rates","Dollars","81","millions","6","v21400175","1.2.7.1","2644","","","","0"
"2018-01","Canada","2016A000011124","2012 constant prices","Other industries","Seasonally adjusted at quarterly rates","Dollars","81","millions","6","v21400175","1.2.7.1","2635","","","","0"
"2018-04","Canada","2016A000011124","2012 constant prices","Other industries","Seasonally adjusted at quarterly rates","Dollars","81","millions","6","v21400175","1.2.7.1","2644","","","","0"
"2018-07","Canada","2016A000011124","2012 constant prices","Other industries","Seasonally adjusted at quarterly rates","Dollars","81","millions","6","v21400175","1.2.7.1","2653","","","","0"
"2018-10","Canada","2016A000011124","2012 constant prices","Other industries","Seasonally adjusted at quarterly rates","Dollars","81","millions","6","v21400175","1.2.7.1","2654","","","","0"
"2019-01","Canada","2016A000011124","2012 constant prices","Other industries","Seasonally adjusted at quarterly rates","Dollars","81","millions","6","v21400175","1.2.7.1","2664","","","","0"
"2019-04","Canada","2016A000011124","2012 constant prices","Other industries","Seasonally adjusted at quarterly rates","Dollars","81","millions","6","v21400175","1.2.7.1","2670","","","","0"
"2019-07","Canada","2016A000011124","2012 constant prices","Other industries","Seasonally adjusted at quarterly rates","Dollars","81","millions","6","v21400175","1.2.7.1","2664","","","","0"
"2019-10","Canada","2016A000011124","2012 constant prices","Other industries","Seasonally adjusted at quarterly rates","Dollars","81","millions","6","v21400175","1.2.7.1","2655","","","","0"
"2020-01","Canada","2016A000011124","2012 constant prices","Other industries","Seasonally adjusted at quarterly rates","Dollars","81","millions","6","v21400175","1.2.7.1","2319","","","","0"
"2020-04","Canada","2016A000011124","2012 constant prices","Other industries","Seasonally adjusted at quarterly rates","Dollars","81","millions","6","v21400175","1.2.7.1","1192","","","","0"


